timestamp,message
1725634342148,"END RequestId: 972262a1-51a7-4a51-a4bf-e5c7bd801212
"
1725634342148,"REPORT RequestId: 972262a1-51a7-4a51-a4bf-e5c7bd801212	Duration: 28.12 ms	Billed Duration: 29 ms	Memory Size: 128 MB	Max Memory Used: 32 MB	
"
1725634343803,"START RequestId: bdc9160e-4e56-4139-845b-3757bedc3422 Version: $LATEST
"
1725634343808,"END RequestId: bdc9160e-4e56-4139-845b-3757bedc3422
"
1725634343808,"REPORT RequestId: bdc9160e-4e56-4139-845b-3757bedc3422	Duration: 4.19 ms	Billed Duration: 5 ms	Memory Size: 128 MB	Max Memory Used: 32 MB	
"
1725634345246,"START RequestId: 1f45101e-93c4-468c-be11-d9b2760bfab7 Version: $LATEST
"
1725634345287,"END RequestId: 1f45101e-93c4-468c-be11-d9b2760bfab7
"
1725634345287,"REPORT RequestId: 1f45101e-93c4-468c-be11-d9b2760bfab7	Duration: 40.74 ms	Billed Duration: 41 ms	Memory Size: 128 MB	Max Memory Used: 32 MB	
"
1725634346764,"START RequestId: 4d9369b3-5781-4806-b168-7544e86e2507 Version: $LATEST
"
1725634346789,"END RequestId: 4d9369b3-5781-4806-b168-7544e86e2507
"
1725634346789,"REPORT RequestId: 4d9369b3-5781-4806-b168-7544e86e2507	Duration: 24.33 ms	Billed Duration: 25 ms	Memory Size: 128 MB	Max Memory Used: 32 MB	
"
1725634348268,"START RequestId: afb08c60-ba13-4f06-a4e0-af8d8e0b7c0f Version: $LATEST
"
1725634348307,"END RequestId: afb08c60-ba13-4f06-a4e0-af8d8e0b7c0f
"
1725634348308,"REPORT RequestId: afb08c60-ba13-4f06-a4e0-af8d8e0b7c0f	Duration: 38.59 ms	Billed Duration: 39 ms	Memory Size: 128 MB	Max Memory Used: 32 MB	
"
1725634349742,"START RequestId: d99d69a9-6e6e-4a6c-8fb8-3f71f58ed9de Version: $LATEST
"
1725634349748,"END RequestId: d99d69a9-6e6e-4a6c-8fb8-3f71f58ed9de
"
1725634349748,"REPORT RequestId: d99d69a9-6e6e-4a6c-8fb8-3f71f58ed9de	Duration: 4.85 ms	Billed Duration: 5 ms	Memory Size: 128 MB	Max Memory Used: 32 MB	
"
1725634351171,"START RequestId: 03d8fd0c-5f84-4ea6-8b6f-38d7df2737e9 Version: $LATEST
"
1725634351189,"END RequestId: 03d8fd0c-5f84-4ea6-8b6f-38d7df2737e9
"
1725634351189,"REPORT RequestId: 03d8fd0c-5f84-4ea6-8b6f-38d7df2737e9	Duration: 17.61 ms	Billed Duration: 18 ms	Memory Size: 128 MB	Max Memory Used: 32 MB	
"
1725634352599,"START RequestId: cd467751-55be-4277-9e48-27cacd41e4d9 Version: $LATEST
"
1725634352608,"END RequestId: cd467751-55be-4277-9e48-27cacd41e4d9
"
1725634352608,"REPORT RequestId: cd467751-55be-4277-9e48-27cacd41e4d9	Duration: 7.78 ms	Billed Duration: 8 ms	Memory Size: 128 MB	Max Memory Used: 32 MB	
"
1725634354025,"START RequestId: b891e373-6c1a-4350-9d83-cce08f960b96 Version: $LATEST
"
1725634354048,"END RequestId: b891e373-6c1a-4350-9d83-cce08f960b96
"
1725634354048,"REPORT RequestId: b891e373-6c1a-4350-9d83-cce08f960b96	Duration: 22.63 ms	Billed Duration: 23 ms	Memory Size: 128 MB	Max Memory Used: 32 MB	
"
1725634355462,"START RequestId: 3e68c00f-ec91-42bc-95fe-809b754fdf8c Version: $LATEST
"
1725634355488,"END RequestId: 3e68c00f-ec91-42bc-95fe-809b754fdf8c
"
1725634355488,"REPORT RequestId: 3e68c00f-ec91-42bc-95fe-809b754fdf8c	Duration: 25.17 ms	Billed Duration: 26 ms	Memory Size: 128 MB	Max Memory Used: 32 MB	
"
1725634356887,"START RequestId: b297c934-cb82-496a-8856-a585c9e272d1 Version: $LATEST
"
1725634356908,"END RequestId: b297c934-cb82-496a-8856-a585c9e272d1
"
1725634356908,"REPORT RequestId: b297c934-cb82-496a-8856-a585c9e272d1	Duration: 21.09 ms	Billed Duration: 22 ms	Memory Size: 128 MB	Max Memory Used: 32 MB	
"
1725634358382,"START RequestId: a45cb2f3-77d5-42a2-93f3-9bff4127f5d2 Version: $LATEST
"
1725634358407,"END RequestId: a45cb2f3-77d5-42a2-93f3-9bff4127f5d2
"
1725634358407,"REPORT RequestId: a45cb2f3-77d5-42a2-93f3-9bff4127f5d2	Duration: 25.22 ms	Billed Duration: 26 ms	Memory Size: 128 MB	Max Memory Used: 32 MB	
"
1725634359795,"START RequestId: 136d7cb2-4aeb-492d-9648-eb03eba459c3 Version: $LATEST
"
1725634359808,"END RequestId: 136d7cb2-4aeb-492d-9648-eb03eba459c3
"
1725634359808,"REPORT RequestId: 136d7cb2-4aeb-492d-9648-eb03eba459c3	Duration: 12.17 ms	Billed Duration: 13 ms	Memory Size: 128 MB	Max Memory Used: 32 MB	
"
1725634361286,"START RequestId: 58cda093-d6e2-48f4-bd98-2329008d4141 Version: $LATEST
"
1725634361308,"END RequestId: 58cda093-d6e2-48f4-bd98-2329008d4141
"
1725634361308,"REPORT RequestId: 58cda093-d6e2-48f4-bd98-2329008d4141	Duration: 21.14 ms	Billed Duration: 22 ms	Memory Size: 128 MB	Max Memory Used: 32 MB	
"
1725634362741,"START RequestId: 62c9fae9-c363-4d56-bc85-f25453caa133 Version: $LATEST
"
1725634362748,"END RequestId: 62c9fae9-c363-4d56-bc85-f25453caa133
"
1725634362748,"REPORT RequestId: 62c9fae9-c363-4d56-bc85-f25453caa133	Duration: 6.58 ms	Billed Duration: 7 ms	Memory Size: 128 MB	Max Memory Used: 32 MB	
"
1725634364199,"START RequestId: 73cab06e-d4b9-4118-8f9d-c8572b6a5bd4 Version: $LATEST
"
1725634364208,"END RequestId: 73cab06e-d4b9-4118-8f9d-c8572b6a5bd4
"
1725634364209,"REPORT RequestId: 73cab06e-d4b9-4118-8f9d-c8572b6a5bd4	Duration: 8.90 ms	Billed Duration: 9 ms	Memory Size: 128 MB	Max Memory Used: 32 MB	
"
1725634365677,"START RequestId: bc9b7442-19ad-42e3-a373-df1056353cf5 Version: $LATEST
"
1725634365688,"END RequestId: bc9b7442-19ad-42e3-a373-df1056353cf5
"
1725634365688,"REPORT RequestId: bc9b7442-19ad-42e3-a373-df1056353cf5	Duration: 10.26 ms	Billed Duration: 11 ms	Memory Size: 128 MB	Max Memory Used: 32 MB	
"
1725634367211,"START RequestId: 1a3cd1f3-a205-4b06-a99b-39c7cf5addb9 Version: $LATEST
"
1725634367229,"END RequestId: 1a3cd1f3-a205-4b06-a99b-39c7cf5addb9
"
1725634367229,"REPORT RequestId: 1a3cd1f3-a205-4b06-a99b-39c7cf5addb9	Duration: 17.91 ms	Billed Duration: 18 ms	Memory Size: 128 MB	Max Memory Used: 32 MB	
"
1725634368705,"START RequestId: 3f6d559a-4712-48af-9cb8-26fcbe0a9052 Version: $LATEST
"
1725634368708,"END RequestId: 3f6d559a-4712-48af-9cb8-26fcbe0a9052
"
1725634368708,"REPORT RequestId: 3f6d559a-4712-48af-9cb8-26fcbe0a9052	Duration: 3.43 ms	Billed Duration: 4 ms	Memory Size: 128 MB	Max Memory Used: 32 MB	
"
1725634370198,"START RequestId: 55310fca-347a-4116-97b6-7c3075c51ebc Version: $LATEST
"
1725634370229,"END RequestId: 55310fca-347a-4116-97b6-7c3075c51ebc
"
1725634370229,"REPORT RequestId: 55310fca-347a-4116-97b6-7c3075c51ebc	Duration: 29.78 ms	Billed Duration: 30 ms	Memory Size: 128 MB	Max Memory Used: 32 MB	
"
1725634371719,"START RequestId: 845765c0-452e-43b6-89f5-4ee85beb3342 Version: $LATEST
"
1725634371723,"END RequestId: 845765c0-452e-43b6-89f5-4ee85beb3342
"
1725634371723,"REPORT RequestId: 845765c0-452e-43b6-89f5-4ee85beb3342	Duration: 4.01 ms	Billed Duration: 5 ms	Memory Size: 128 MB	Max Memory Used: 32 MB	
"
1725634373174,"START RequestId: 7ec394ad-bea6-4061-999d-d4eb1f7e151c Version: $LATEST
"
1725634373188,"END RequestId: 7ec394ad-bea6-4061-999d-d4eb1f7e151c
"
1725634373188,"REPORT RequestId: 7ec394ad-bea6-4061-999d-d4eb1f7e151c	Duration: 12.91 ms	Billed Duration: 13 ms	Memory Size: 128 MB	Max Memory Used: 32 MB	
"
1725634374679,"START RequestId: 41824f8c-97d6-4a8c-b74a-b1e0803dae7e Version: $LATEST
"
1725634374688,"END RequestId: 41824f8c-97d6-4a8c-b74a-b1e0803dae7e
"
1725634374688,"REPORT RequestId: 41824f8c-97d6-4a8c-b74a-b1e0803dae7e	Duration: 8.20 ms	Billed Duration: 9 ms	Memory Size: 128 MB	Max Memory Used: 32 MB	
"
1725634376117,"START RequestId: ade1bd9b-c901-4479-8e60-8fc6b9dd04aa Version: $LATEST
"
1725634376128,"END RequestId: ade1bd9b-c901-4479-8e60-8fc6b9dd04aa
"
1725634376128,"REPORT RequestId: ade1bd9b-c901-4479-8e60-8fc6b9dd04aa	Duration: 9.89 ms	Billed Duration: 10 ms	Memory Size: 128 MB	Max Memory Used: 32 MB	
"
1725634377551,"START RequestId: 8628999b-6abb-47e7-bc96-1e94b189ce91 Version: $LATEST
"
1725634377568,"END RequestId: 8628999b-6abb-47e7-bc96-1e94b189ce91
"
1725634377568,"REPORT RequestId: 8628999b-6abb-47e7-bc96-1e94b189ce91	Duration: 16.31 ms	Billed Duration: 17 ms	Memory Size: 128 MB	Max Memory Used: 32 MB	
"
1725634379040,"START RequestId: 3f2078a9-70e2-41f4-9e83-e36007f454e5 Version: $LATEST
"
1725634379067,"END RequestId: 3f2078a9-70e2-41f4-9e83-e36007f454e5
"
1725634379067,"REPORT RequestId: 3f2078a9-70e2-41f4-9e83-e36007f454e5	Duration: 26.55 ms	Billed Duration: 27 ms	Memory Size: 128 MB	Max Memory Used: 32 MB	
"
1725634380480,"START RequestId: 4743c036-1348-4c16-b324-c041277e6fc4 Version: $LATEST
"
1725634380489,"END RequestId: 4743c036-1348-4c16-b324-c041277e6fc4
"
1725634380489,"REPORT RequestId: 4743c036-1348-4c16-b324-c041277e6fc4	Duration: 8.35 ms	Billed Duration: 9 ms	Memory Size: 128 MB	Max Memory Used: 32 MB	
"
1725634381960,"START RequestId: 97ee0145-9508-43ea-943b-fdbf3b8a3531 Version: $LATEST
"
1725634381987,"END RequestId: 97ee0145-9508-43ea-943b-fdbf3b8a3531
"
1725634381987,"REPORT RequestId: 97ee0145-9508-43ea-943b-fdbf3b8a3531	Duration: 27.10 ms	Billed Duration: 28 ms	Memory Size: 128 MB	Max Memory Used: 32 MB	
"
1725634383428,"START RequestId: 03104c55-4239-4309-855f-33b3a73720ea Version: $LATEST
"
1725634383467,"END RequestId: 03104c55-4239-4309-855f-33b3a73720ea
"
1725634383467,"REPORT RequestId: 03104c55-4239-4309-855f-33b3a73720ea	Duration: 38.93 ms	Billed Duration: 39 ms	Memory Size: 128 MB	Max Memory Used: 32 MB	
"
1725634384925,"START RequestId: fa367b3d-43ff-4bfc-b358-f9ed2598d532 Version: $LATEST
"
1725634384948,"END RequestId: fa367b3d-43ff-4bfc-b358-f9ed2598d532
"
1725634384948,"REPORT RequestId: fa367b3d-43ff-4bfc-b358-f9ed2598d532	Duration: 22.07 ms	Billed Duration: 23 ms	Memory Size: 128 MB	Max Memory Used: 32 MB	
"
1725634386417,"START RequestId: a0154ab1-232f-468f-83b2-a14be8a564f9 Version: $LATEST
"
1725634386428,"END RequestId: a0154ab1-232f-468f-83b2-a14be8a564f9
"
1725634386428,"REPORT RequestId: a0154ab1-232f-468f-83b2-a14be8a564f9	Duration: 10.47 ms	Billed Duration: 11 ms	Memory Size: 128 MB	Max Memory Used: 32 MB	
"
1725634387955,"START RequestId: e5fa2059-bd91-4008-81c2-8fb92d07ea45 Version: $LATEST
"
1725634387968,"END RequestId: e5fa2059-bd91-4008-81c2-8fb92d07ea45
"
1725634387968,"REPORT RequestId: e5fa2059-bd91-4008-81c2-8fb92d07ea45	Duration: 12.49 ms	Billed Duration: 13 ms	Memory Size: 128 MB	Max Memory Used: 32 MB	
"
1725634389468,"START RequestId: 0b68feb6-3c91-4717-9f4e-2dd3b2b58f2f Version: $LATEST
"
1725634389508,"END RequestId: 0b68feb6-3c91-4717-9f4e-2dd3b2b58f2f
"
1725634389508,"REPORT RequestId: 0b68feb6-3c91-4717-9f4e-2dd3b2b58f2f	Duration: 39.07 ms	Billed Duration: 40 ms	Memory Size: 128 MB	Max Memory Used: 32 MB	
"
1725634391082,"START RequestId: 2ae5536a-2111-484e-9ab3-be2cfd7d5b6a Version: $LATEST
"
1725634391088,"END RequestId: 2ae5536a-2111-484e-9ab3-be2cfd7d5b6a
"
1725634391088,"REPORT RequestId: 2ae5536a-2111-484e-9ab3-be2cfd7d5b6a	Duration: 5.56 ms	Billed Duration: 6 ms	Memory Size: 128 MB	Max Memory Used: 32 MB	
"
1725634392808,"START RequestId: 7defef40-3626-4443-9215-567899844889 Version: $LATEST
"
1725634392828,"END RequestId: 7defef40-3626-4443-9215-567899844889
"
1725634392828,"REPORT RequestId: 7defef40-3626-4443-9215-567899844889	Duration: 18.94 ms	Billed Duration: 19 ms	Memory Size: 128 MB	Max Memory Used: 32 MB	
"
1725634394273,"START RequestId: 3851d1ab-697b-4e1f-9601-a2cbf035fdff Version: $LATEST
"
1725634394288,"END RequestId: 3851d1ab-697b-4e1f-9601-a2cbf035fdff
"
1725634394288,"REPORT RequestId: 3851d1ab-697b-4e1f-9601-a2cbf035fdff	Duration: 14.69 ms	Billed Duration: 15 ms	Memory Size: 128 MB	Max Memory Used: 32 MB	
"
1725634395771,"START RequestId: 3d27e886-1753-42d6-8a20-e1d28584574c Version: $LATEST
"
1725634395788,"END RequestId: 3d27e886-1753-42d6-8a20-e1d28584574c
"
1725634395788,"REPORT RequestId: 3d27e886-1753-42d6-8a20-e1d28584574c	Duration: 16.28 ms	Billed Duration: 17 ms	Memory Size: 128 MB	Max Memory Used: 32 MB	
"
1725634397249,"START RequestId: 1fb11ce8-8785-4d54-998a-18475a6b55bb Version: $LATEST
"
1725634397268,"END RequestId: 1fb11ce8-8785-4d54-998a-18475a6b55bb
"
1725634397268,"REPORT RequestId: 1fb11ce8-8785-4d54-998a-18475a6b55bb	Duration: 18.10 ms	Billed Duration: 19 ms	Memory Size: 128 MB	Max Memory Used: 32 MB	
"
1725634398763,"START RequestId: 3fd420dd-3218-4c7e-b3af-47a0d5c44182 Version: $LATEST
"
1725634398768,"END RequestId: 3fd420dd-3218-4c7e-b3af-47a0d5c44182
"
1725634398768,"REPORT RequestId: 3fd420dd-3218-4c7e-b3af-47a0d5c44182	Duration: 4.37 ms	Billed Duration: 5 ms	Memory Size: 128 MB	Max Memory Used: 32 MB	
"
1725634400344,"START RequestId: d58c7756-93b6-465a-820b-fcbf70ceaed7 Version: $LATEST
"
1725634400367,"END RequestId: d58c7756-93b6-465a-820b-fcbf70ceaed7
"
1725634400367,"REPORT RequestId: d58c7756-93b6-465a-820b-fcbf70ceaed7	Duration: 22.55 ms	Billed Duration: 23 ms	Memory Size: 128 MB	Max Memory Used: 32 MB	
"
1725634401784,"START RequestId: 600ddd56-c04e-40aa-ad0e-54788cf1324c Version: $LATEST
"
1725634401808,"END RequestId: 600ddd56-c04e-40aa-ad0e-54788cf1324c
"
1725634401808,"REPORT RequestId: 600ddd56-c04e-40aa-ad0e-54788cf1324c	Duration: 24.01 ms	Billed Duration: 25 ms	Memory Size: 128 MB	Max Memory Used: 32 MB	
"
1725634403285,"START RequestId: c01ba251-8db5-41fe-aec3-70da7d24262e Version: $LATEST
"
1725634403308,"END RequestId: c01ba251-8db5-41fe-aec3-70da7d24262e
"
1725634403308,"REPORT RequestId: c01ba251-8db5-41fe-aec3-70da7d24262e	Duration: 22.41 ms	Billed Duration: 23 ms	Memory Size: 128 MB	Max Memory Used: 32 MB	
"
1725634404736,"START RequestId: a997aebe-4ebe-41a4-9653-dc5d1855cda9 Version: $LATEST
"
1725634404748,"END RequestId: a997aebe-4ebe-41a4-9653-dc5d1855cda9
"
1725634404748,"REPORT RequestId: a997aebe-4ebe-41a4-9653-dc5d1855cda9	Duration: 11.54 ms	Billed Duration: 12 ms	Memory Size: 128 MB	Max Memory Used: 32 MB	
"
1725634406295,"START RequestId: ba5609a7-f2bf-4e6e-83b6-bbf88d6e2d83 Version: $LATEST
"
1725634406308,"END RequestId: ba5609a7-f2bf-4e6e-83b6-bbf88d6e2d83
"
1725634406308,"REPORT RequestId: ba5609a7-f2bf-4e6e-83b6-bbf88d6e2d83	Duration: 12.14 ms	Billed Duration: 13 ms	Memory Size: 128 MB	Max Memory Used: 32 MB	
"
1725634407922,"START RequestId: 7caab50d-8d54-4b44-b47c-193bdac366f8 Version: $LATEST
"
1725634407928,"END RequestId: 7caab50d-8d54-4b44-b47c-193bdac366f8
"
1725634407928,"REPORT RequestId: 7caab50d-8d54-4b44-b47c-193bdac366f8	Duration: 5.45 ms	Billed Duration: 6 ms	Memory Size: 128 MB	Max Memory Used: 32 MB	
"
1725634409544,"START RequestId: a7fb9cc2-9c1c-4897-a414-acec6e1f0c51 Version: $LATEST
"
1725634409568,"END RequestId: a7fb9cc2-9c1c-4897-a414-acec6e1f0c51
"
1725634409568,"REPORT RequestId: a7fb9cc2-9c1c-4897-a414-acec6e1f0c51	Duration: 22.69 ms	Billed Duration: 23 ms	Memory Size: 128 MB	Max Memory Used: 32 MB	
"
1725634411022,"START RequestId: 9c54c884-33a5-4c04-90e2-69ba103b49b3 Version: $LATEST
"
1725634411028,"END RequestId: 9c54c884-33a5-4c04-90e2-69ba103b49b3
"
1725634411028,"REPORT RequestId: 9c54c884-33a5-4c04-90e2-69ba103b49b3	Duration: 5.45 ms	Billed Duration: 6 ms	Memory Size: 128 MB	Max Memory Used: 32 MB	
"
1725634412473,"START RequestId: 407db72e-3ad5-4748-a8a2-6193d24be90b Version: $LATEST
"
1725634412488,"END RequestId: 407db72e-3ad5-4748-a8a2-6193d24be90b
"
1725634412488,"REPORT RequestId: 407db72e-3ad5-4748-a8a2-6193d24be90b	Duration: 14.63 ms	Billed Duration: 15 ms	Memory Size: 128 MB	Max Memory Used: 32 MB	
"
1725634413942,"START RequestId: e4285dc1-87da-4ed2-ac99-55b6d43d0f05 Version: $LATEST
"
1725634413947,"END RequestId: e4285dc1-87da-4ed2-ac99-55b6d43d0f05
"
1725634413947,"REPORT RequestId: e4285dc1-87da-4ed2-ac99-55b6d43d0f05	Duration: 4.77 ms	Billed Duration: 5 ms	Memory Size: 128 MB	Max Memory Used: 32 MB	
"
1725634415416,"START RequestId: 8e5d046d-3dc3-4e87-aa1f-6ae6f441851f Version: $LATEST
"
1725634415428,"END RequestId: 8e5d046d-3dc3-4e87-aa1f-6ae6f441851f
"
1725634415428,"REPORT RequestId: 8e5d046d-3dc3-4e87-aa1f-6ae6f441851f	Duration: 11.43 ms	Billed Duration: 12 ms	Memory Size: 128 MB	Max Memory Used: 32 MB	
"
1725634416879,"START RequestId: 88d7cd6e-e127-4d6f-8f66-323207caa48e Version: $LATEST
"
1725634416888,"END RequestId: 88d7cd6e-e127-4d6f-8f66-323207caa48e
"
1725634416888,"REPORT RequestId: 88d7cd6e-e127-4d6f-8f66-323207caa48e	Duration: 8.17 ms	Billed Duration: 9 ms	Memory Size: 128 MB	Max Memory Used: 32 MB	
"
1725634418347,"START RequestId: 2ccafe7e-745d-4f33-b579-ec6ddeb06594 Version: $LATEST
"
1725634418369,"END RequestId: 2ccafe7e-745d-4f33-b579-ec6ddeb06594
"
1725634418369,"REPORT RequestId: 2ccafe7e-745d-4f33-b579-ec6ddeb06594	Duration: 20.77 ms	Billed Duration: 21 ms	Memory Size: 128 MB	Max Memory Used: 32 MB	
"
1725634419801,"START RequestId: b0cb9862-6088-47d9-a919-078093790bf1 Version: $LATEST
"
1725634419827,"END RequestId: b0cb9862-6088-47d9-a919-078093790bf1
"
1725634419827,"REPORT RequestId: b0cb9862-6088-47d9-a919-078093790bf1	Duration: 26.04 ms	Billed Duration: 27 ms	Memory Size: 128 MB	Max Memory Used: 32 MB	
"
1725634421256,"START RequestId: 1d600ebc-773c-425a-bb5d-af3c9ac2728d Version: $LATEST
"
1725634421287,"END RequestId: 1d600ebc-773c-425a-bb5d-af3c9ac2728d
"
1725634421288,"REPORT RequestId: 1d600ebc-773c-425a-bb5d-af3c9ac2728d	Duration: 31.08 ms	Billed Duration: 32 ms	Memory Size: 128 MB	Max Memory Used: 32 MB	
"
1725634422743,"START RequestId: 3dface92-b580-4ff3-be96-79480e806eb8 Version: $LATEST
"
1725634422748,"END RequestId: 3dface92-b580-4ff3-be96-79480e806eb8
"
1725634422748,"REPORT RequestId: 3dface92-b580-4ff3-be96-79480e806eb8	Duration: 4.14 ms	Billed Duration: 5 ms	Memory Size: 128 MB	Max Memory Used: 32 MB	
"
1725634424207,"START RequestId: 0dfcad3b-ba7b-4702-b190-a5e8dc81c948 Version: $LATEST
"
1725634424228,"END RequestId: 0dfcad3b-ba7b-4702-b190-a5e8dc81c948
"
1725634424228,"REPORT RequestId: 0dfcad3b-ba7b-4702-b190-a5e8dc81c948	Duration: 21.07 ms	Billed Duration: 22 ms	Memory Size: 128 MB	Max Memory Used: 32 MB	
"
1725634425652,"START RequestId: 50cb3479-084f-415c-bf27-41a7f71f46f8 Version: $LATEST
"
1725634425688,"END RequestId: 50cb3479-084f-415c-bf27-41a7f71f46f8
"
1725634425688,"REPORT RequestId: 50cb3479-084f-415c-bf27-41a7f71f46f8	Duration: 35.16 ms	Billed Duration: 36 ms	Memory Size: 128 MB	Max Memory Used: 32 MB	
"
1725634427102,"START RequestId: c4fdaad8-9fc1-417d-9c16-d979a1341b39 Version: $LATEST
"
1725634427108,"END RequestId: c4fdaad8-9fc1-417d-9c16-d979a1341b39
"
1725634427108,"REPORT RequestId: c4fdaad8-9fc1-417d-9c16-d979a1341b39	Duration: 4.90 ms	Billed Duration: 5 ms	Memory Size: 128 MB	Max Memory Used: 32 MB	
"
1725634428539,"START RequestId: fb333c4b-a1fe-441c-b6d1-767f7927a33d Version: $LATEST
"
1725634428548,"END RequestId: fb333c4b-a1fe-441c-b6d1-767f7927a33d
"
1725634428548,"REPORT RequestId: fb333c4b-a1fe-441c-b6d1-767f7927a33d	Duration: 8.21 ms	Billed Duration: 9 ms	Memory Size: 128 MB	Max Memory Used: 32 MB	
"
1725634429947,"START RequestId: 0a8199f5-3a29-4748-8dbe-0dea689527b9 Version: $LATEST
"
1725634429968,"END RequestId: 0a8199f5-3a29-4748-8dbe-0dea689527b9
"
1725634429968,"REPORT RequestId: 0a8199f5-3a29-4748-8dbe-0dea689527b9	Duration: 20.33 ms	Billed Duration: 21 ms	Memory Size: 128 MB	Max Memory Used: 32 MB	
"
1725634431450,"START RequestId: 6210ddff-bdbf-481c-822a-251fe8886575 Version: $LATEST
"
1725634431468,"END RequestId: 6210ddff-bdbf-481c-822a-251fe8886575
"
1725634431468,"REPORT RequestId: 6210ddff-bdbf-481c-822a-251fe8886575	Duration: 17.45 ms	Billed Duration: 18 ms	Memory Size: 128 MB	Max Memory Used: 32 MB	
"
1725634432980,"START RequestId: 9d73029a-0111-4dff-b285-2bebb506e764 Version: $LATEST
"
1725634432988,"END RequestId: 9d73029a-0111-4dff-b285-2bebb506e764
"
1725634432988,"REPORT RequestId: 9d73029a-0111-4dff-b285-2bebb506e764	Duration: 7.63 ms	Billed Duration: 8 ms	Memory Size: 128 MB	Max Memory Used: 32 MB	
"
1725634434675,"START RequestId: 0e234ee5-336f-4264-b4e6-e7b1e662fd04 Version: $LATEST
"
1725634434708,"END RequestId: 0e234ee5-336f-4264-b4e6-e7b1e662fd04
"
1725634434708,"REPORT RequestId: 0e234ee5-336f-4264-b4e6-e7b1e662fd04	Duration: 31.48 ms	Billed Duration: 32 ms	Memory Size: 128 MB	Max Memory Used: 32 MB	
"
1725634436101,"START RequestId: a0b62ee7-7cde-486d-b3ba-209694dadfca Version: $LATEST
"
1725634436127,"END RequestId: a0b62ee7-7cde-486d-b3ba-209694dadfca
"
1725634436127,"REPORT RequestId: a0b62ee7-7cde-486d-b3ba-209694dadfca	Duration: 25.66 ms	Billed Duration: 26 ms	Memory Size: 128 MB	Max Memory Used: 32 MB	
"
1725634437508,"START RequestId: 5547e23f-1711-4d13-845c-70759da4f741 Version: $LATEST
"
1725634437529,"END RequestId: 5547e23f-1711-4d13-845c-70759da4f741
"
1725634437529,"REPORT RequestId: 5547e23f-1711-4d13-845c-70759da4f741	Duration: 19.81 ms	Billed Duration: 20 ms	Memory Size: 128 MB	Max Memory Used: 32 MB	
"
1725634439010,"START RequestId: 260fc753-a642-4f20-b376-3adff3271fc5 Version: $LATEST
"
1725634439030,"END RequestId: 260fc753-a642-4f20-b376-3adff3271fc5
"
1725634439030,"REPORT RequestId: 260fc753-a642-4f20-b376-3adff3271fc5	Duration: 19.23 ms	Billed Duration: 20 ms	Memory Size: 128 MB	Max Memory Used: 32 MB	
"
1725634440686,"START RequestId: 131713c5-1e2e-4bc4-821b-58db530613db Version: $LATEST
"
1725634440708,"END RequestId: 131713c5-1e2e-4bc4-821b-58db530613db
"
1725634440708,"REPORT RequestId: 131713c5-1e2e-4bc4-821b-58db530613db	Duration: 20.75 ms	Billed Duration: 21 ms	Memory Size: 128 MB	Max Memory Used: 32 MB	
"